DÉCADA;AÑO TELESERIE;CANAL;TELESERIES;AUDIENCIA;GÉNERO DE LA TELESERIE;TRAMA CENTRAL;PERSONAJES PROTAGONISTAS;GÉNERO DE LOS  PROTAGONISTAS;FUERZA QUE PERSIGUE PROTAGONISTA ;ESTADO CIVIL PROTAGONISTAS;GÉNERO PREDOMINANTE EN LOS PERSONAJES SECUNDARIOS;PERSONAJES ANTAGONISTAS;OBSTÁCULO QUE ENFRENTA ANTAGONISTA EN LA TRAMA;Column1;_1;_2;_3;_4;_5;_6;_7;_8;_9;_10;_11;_12;_13;_14;_15;_16;_17;_18;_19;_20;_21;_22;_23;_24;_25;_26;_27;_28;_29;_30;_31;_32;_33;_34;_35;_36;_37;_38;_39;_40;_41;_42;_43;_44;_45;_46;_47;_48;_49;_50;_51;_52;_53;_54;_55;_56;_57;_58;_59;_60;_61;_62;_63;_64;_65;_66;_67;_68;_69;_70;_71;_72;_73;_74;_75;_76;_77;_78;_79;_80;_81;_82;_83;_84;_85;_86;_87;_88;_89;_90;_91;_92;_93;_94;_95;_96;_97;_98;_99;_100;_101;_102;_103;_104;_105;_106;_107;_108;_109;_110;_111;_112;_113;_114;_115;_116;_117;_118;_119;_120;_121;_122;_123;_124;_125;_126;_127;_128;_129
1980-1989;1981;T13;La madrastra;80 pts de audiencia;"
Melodrama";Marcia, una mujer sentenciada injustamente a prisión por un crimen que no cometió, quien, al ser liberada, regresa para limpiar su nombre y recuperar a sus hijos, a quienes su esposo les hizo creer que estaba muerta. Para lograrlo, se infiltra en la vida familiar de su exesposo adoptando el nombre de «Marisa Jones», convirtiéndose en la madrastra de sus propios hijos, para así desenmascarar al verdadero culpable del asesinato que la encarceló. ;Marcia Espínola;Femenino ;Cobrar venganza y reencontrarse con sus hijos;Casada/Soltera/Casada;Masculino;Esteban San Lucas y sus amigos;Inventa una mentira sobre la madre de sus hijos e intenta casarse con otra mujer;;;;;;;;;;;;;;;;;;;;;;;;;;;;;;;;;;;;;;;;;;;;;;;;;;;;;;;;;;;;;;;;;;;;;;;;;;;;;;;;;;;;;;;;;;;;;;;;;;;;;;;;;;;;;;;;;;;;;;;;;;;;;;;;;;
1980-1989;1983;T13;La noche del cobarde ;39 pts de audiencia;"
Melodrama";Dalia Venezzia, una cantante que regresa a Chile para desentrañar un trauma de juventud y encontrar al hombre que la violó. Al inaugurar el Dalia's Cabaret, su obsesión por el culpable la lleva a usar el espectáculo como herramienta para atraer a su presa. La trama se entrelaza con las historias de otros personajes que frecuentan el cabaret. ;Dalia Venezzia ;Femenino ;Cobrar venganza contra el hombre que la violó ;Soltera;Femenino;Alamiro Villarrobles;Fue descubierto en el último capítulo. El cabaret era el lugar donde intentaban encontrarlo;;;;;;;;;;;;;;;;;;;;;;;;;;;;;;;;;;;;;;;;;;;;;;;;;;;;;;;;;;;;;;;;;;;;;;;;;;;;;;;;;;;;;;;;;;;;;;;;;;;;;;;;;;;;;;;;;;;;;;;;;;;;;;;;;;
1980-1989;1984;TVN;La torre 10 ;49 puntos de audiencia;Drama;Trata la diferencia social y los conflictos entre los residentes de la Torre 10 de la Remodelación San Borja. El conflicto se inicia con la llegada de Hernán Ugalde y su hija Gabriela, y se desarrolla a través de problemas como la desconfianza, el odio y los conflictos conyugales entre las familias de distintas clases sociales que habitan el edificio;Thelma Bernhardt y Hernán Ugalde;Femenino y masculino;Thelma quiere cobrar venganza de su amante ;Hernán/viudo Thelma/soltera;Femenino;Thelma Bernhardt;Es perversa y mala, compra un niño para poder estar con el protagonista. Enredos familiares con otras protagonistas;;;;;;;;;;;;;;;;;;;;;;;;;;;;;;;;;;;;;;;;;;;;;;;;;;;;;;;;;;;;;;;;;;;;;;;;;;;;;;;;;;;;;;;;;;;;;;;;;;;;;;;;;;;;;;;;;;;;;;;;;;;;;;;;;;
1980-1989;1984;T13;Las herederas ;43,6 pts de audiencia;"
Melodrama";Cinco mujeres deben cumplir una serie de condiciones excéntricas de un testamento para heredar la millonaria fortuna de Ladislao Duval de Ferreira. Entre los requisitos están obtener un título de periodista, mudarse a la casa de Duval, y casarse con un hombre que no sea el amor de su vida. ;Teresa Rodríguez, Patricia Duval, Isadora Duval, Ana María Zelada, Gilda Díaz-Steiner;Femenino;Poder ganar el dinero que dejó Ladislao como herencia;"Teresa/soltera; Patricia/soltera; Isadora/soltera; Ana María/soltera y Gilda/soltera";Femenino;Ladislao Duval;Es permanente a lo largo de toda la historia, pese a que murió. Busca que las herederas cumplan sus condiciones;;;;;;;;;;;;;;;;;;;;;;;;;;;;;;;;;;;;;;;;;;;;;;;;;;;;;;;;;;;;;;;;;;;;;;;;;;;;;;;;;;;;;;;;;;;;;;;;;;;;;;;;;;;;;;;;;;;;;;;;;;;;;;;;;;
1980-1989;1984;T13;Los títeres ;38 pts de audiencia;"
Melodrama";Artemisa, una joven que, tras una cruel broma y la ruina de su padre, es humillada y decide marcharse a Ecuador. Veinte años después, regresa como una millonaria y calculadora mujer dispuesta a vengarse de quienes le arruinaron la vida, mientras sus enemigos planean su desgracia, manejando su destino como si de marionetas se tratara.;Artemisa Mykonos;Femenino;Quiere cobrar venganza a Adriana;Prometida;Masculino;Adriana Godan;Ve a la protagonista como una rival en todo aspecto. Son primas, pero ella le hace la vida imposible con bromas/amenazas crueles;;;;;;;;;;;;;;;;;;;;;;;;;;;;;;;;;;;;;;;;;;;;;;;;;;;;;;;;;;;;;;;;;;;;;;;;;;;;;;;;;;;;;;;;;;;;;;;;;;;;;;;;;;;;;;;;;;;;;;;;;;;;;;;;;;
1990-1999;1990;T13;¿Te conté?;38 pts de audiencia;Drama;Leo , un joven ciego pero optimista que vive en la pensión Forza Italia y se debate entre dos amores: Gianna , la hija de la dueña de la pensión, y Sabrina , una joven de buena familia con un problema de cleptomanía. La historia también explora las vidas de otros residentes de la pensión, como Elena, una señora obsesionada con no envejecer, y su hija Mónica. ;?Leo Castillo Pereira;Femenino; Gianna y Sabrina están enamoradas de Leo, pero las dos enfrentan mundos distintos;Solteras;Femenino/masculino;No identificado;Comienzan a llegar cartas de un autor anónimo a la pensión;;;;;;;;;;;;;;;;;;;;;;;;;;;;;;;;;;;;;;;;;;;;;;;;;;;;;;;;;;;;;;;;;;;;;;;;;;;;;;;;;;;;;;;;;;;;;;;;;;;;;;;;;;;;;;;;;;;;;;;;;;;;;;;;;;
1990-1999;1996;TVN;Sucupira;"
27,6 pts de audiencia";Comedia social;Sucupira un pueblo costero cuya economía se sustenta a través de su caleta de pescadores, enfrenta una pronta elección para dirigir la alcaldía. Por ella compite Federico Valdivieso, un hombre mujeriego y tozudo. Su competencia es Mariana Montero, una viuda de carácter fuerte. Federico gana las elecciones, pero por un mal plan, termina muriendo él mientras salva a Mariana.;Federico Valdivieso y Mariana Montero;Femenino y masculino;Al final de la historia, Federico demuestra su amor a Mariana, recibiendo el disparo por ella;Federico/soltero y Mariana/viuda;Femenino/masculino;No identificado;Hay una rivalidad entre los protagonistas por las próximas elecciones de alcaldía;;;;;;;;;;;;;;;;;;;;;;;;;;;;;;;;;;;;;;;;;;;;;;;;;;;;;;;;;;;;;;;;;;;;;;;;;;;;;;;;;;;;;;;;;;;;;;;;;;;;;;;;;;;;;;;;;;;;;;;;;;;;;;;;;;
1990-1999;1997;T13;Playa salvaje ;32,7 pts de audiencia;"
Melodrama";Un grupo de surfistas en las playas de Iquique, entrelazando romances, rivalidades juveniles, y secretos del pasado, todo mientras el piloto Mariano Acuña lucha entre dos amores y el recuerdo de su esposa fallecida, quien fue asesinada por una empresa que se quería apoderar de un proyecto secreto. ;Paulina y Emilio;Femenino y masculino;Emilio debe enfrentar su pasado y miedos. Hay romances y peleas antes de que acabe el verano;En relación;Femenino/masculino;Gabriela Ossandón;Gabriela es una codiciosa y millonaria mujer, que cambia la dinámica de la playa y con ello, las dinámicas de los enamorados de Javiera;;;;;;;;;;;;;;;;;;;;;;;;;;;;;;;;;;;;;;;;;;;;;;;;;;;;;;;;;;;;;;;;;;;;;;;;;;;;;;;;;;;;;;;;;;;;;;;;;;;;;;;;;;;;;;;;;;;;;;;;;;;;;;;;;;
1990-1999;1998;TVN;Iorana;30,2 pts de audiencia. Alcanzó hasta 60 pts.;"
Comedia romántica";La ambiciosa periodista Paula Novoa, quien busca un legendario Moái sumergido y desata conflictos al enamorarse de Iriti, un isleño de corazón puro que está comprometido con su amada Vaitea. La serie explora las luchas de poder, los secretos ancestrales y las pasiones entre los isleños, quienes se ven amenazados por la irrupción externa. ;Vaitea Ahoa Tuki y Cristián;Femenino y masculino;Vaitea quiere casarse con Cristián, pero se ve impedida por el regreso del papá de él;Prometidos;Masculino;Fernando Balbontín;Quiere cobrar venganza por la traición de su esposa y la falta de lealtad de sus hijos;;;;;;;;;;;;;;;;;;;;;;;;;;;;;;;;;;;;;;;;;;;;;;;;;;;;;;;;;;;;;;;;;;;;;;;;;;;;;;;;;;;;;;;;;;;;;;;;;;;;;;;;;;;;;;;;;;;;;;;;;;;;;;;;;;
1990-1999;1999;TVN;La fiera ;31,8 pts de audiencia;"
Comedia dramática";"Catalina Chamorro ""La Fiera"" , conocida por su fuerte carácter, y su deseo de ascender socialmente mientras se enfrenta a su obsesivo padre, Pedro Chamorro. Catalina, quien trabaja como buzo en la empresa de su padre, y sus relaciones con otros personajes del pueblo de Dalcahue, como el doctor Martín Echaurren, un hombre de gran corazón que se enamora de ella, y el engreído y arrogante Humberto Fonseca, el primer prometido de Catalina.  ";"Catalina Chamorro, ""La fiera""";Femenino;La quieren casar pronto con un hombre millonario, porque es la hija mayor y tiene un mal cáracter. Ella se enamora de otro hombre;Soltera;Masculino;Magdalena Ossandón;Se encuentra con el hermano de la fiera y busca meterse en su vida;;;;;;;;;;;;;;;;;;;;;;;;;;;;;;;;;;;;;;;;;;;;;;;;;;;;;;;;;;;;;;;;;;;;;;;;;;;;;;;;;;;;;;;;;;;;;;;;;;;;;;;;;;;;;;;;;;;;;;;;;;;;;;;;;;
1990-1999;1999;TVN;Aquelarre;30,5 pts de audiencia;"
Melodrama"; Se centra en un pueblo chileno donde, por una maldición provocada por el perfume Agualuna, solo nacen mujeres desde hace más de 30 años. La llegada del doctor Pastene para investigar el misterio y el regreso de Juan Pablo, el último hombre del pueblo, desencadenan una serie de eventos que resuelven la maldición, permitiendo que nazca el primer varón en décadas y se desate el amor entre Emilia y Juan Pablo. ;Emilia Patiño;Femenino ;Está prometida pero se enamora de Juan Pablo, el último hombre del pueblo. Esto genera repercusiones en la localidad, conflictos de interés;Prometida;Femenino;Elena Vergara;La madre de Juan Pablo lo odia, y comienza a tomar decisiones para no perder su poder. Esto genera conflicto con todos los locatarios y comerciales;;;;;;;;;;;;;;;;;;;;;;;;;;;;;;;;;;;;;;;;;;;;;;;;;;;;;;;;;;;;;;;;;;;;;;;;;;;;;;;;;;;;;;;;;;;;;;;;;;;;;;;;;;;;;;;;;;;;;;;;;;;;;;;;;;
2000-2009;2000;TVN ;Romané;38,5 pts de audiencia;"
Comedia romántica";Una caravana de gitanos llega a la ciudad de Mejillones.  El pasado resurge con el regreso de la hija del rey, Jovanka, quien regresa tras años de ausencia con un secreto y un deseo de venganza contra un aristócrata local;Jovanka Antich y  Padre Juan Bautista Domínguez;Femenino y masculino;Jovanka persigue un amor prohibido  debido a su cultural.  Padre Juan busca mantener la paz en la comunidad;Soltera;Masculino; Rafael Antonio Domínguez;Jovanka es acusada de respetar las tradiciones gitanas.  Rafael Dominguez persigue el amor de Jovanka aunque eso signifique revelarse;;;;;;;;;;;;;;;;;;;;;;;;;;;;;;;;;;;;;;;;;;;;;;;;;;;;;;;;;;;;;;;;;;;;;;;;;;;;;;;;;;;;;;;;;;;;;;;;;;;;;;;;;;;;;;;;;;;;;;;;;;;;;;;;;;
2000-2009;2001;TVN;Amores de Mercado ;46,7 pts de rating. Máx 64 pts.;"
Comedia";Dos hermanos gemelos, Pelluco y Rodolfo, separados al nacer, que tras un accidente intercambian sus identidades y deben hacerse pasar el uno por el otro en mundos opuestos: el Mercado Central y el barrio alto. Pelluco, un garzón con buen corazón, se convierte en un millonario sin memoria, mientras que Rodolfo, un arrogante empresario, debe adaptarse a la vida del mercado, enfrentando conflictos por la envidia de su hermanastro y la ambición de su padre;Fernanda, Betsabé, Pelluco y Rodolfo ;Femenino y masculino ;Fernanda está en una relación con Rodolfo por interés. Bestabé  busca un amor fiel y correspondido en Pelluco. ;Fernanda/comprometida, Betsabé/soltera, Rodolfo/comprometido, Pelluco/soltero ;Femenino y masculino;Ignacio Valdés ;"Fernanda Lira se se enamora de quien ella cree que es Rodolfo y duda de seguir con el plan que perseguía con Ignacio. Betsabé se enfrenta a  su madre religiosa y al rechazo de Pelluco. Ignacio solo quiere el dinero de Rodolfo y por el está disupuesto a todo. Debe enfrentar que Fernanda se enamoró de ""Rodolfo"" ";;;;;;;;;;;;;;;;;;;;;;;;;;;;;;;;;;;;;;;;;;;;;;;;;;;;;;;;;;;;;;;;;;;;;;;;;;;;;;;;;;;;;;;;;;;;;;;;;;;;;;;;;;;;;;;;;;;;;;;;;;;;;;;;;;
2000-2009;2001;TVN;Pampa Ilusión;35,5 pts de audiencia;Comedia romántica;La tranquilidad en Pampa Ilusión se ve interrumpida con la llegada de Inés García, la ilegítima y no reconocida hija de William,  quien reconoce haberla desterrado de su vida cuando era solo una recién nacida  solo por el hecho de ser mujer.Ella quiere descubrir las razones del destierro y humillaciones sufridas por su madre treinta años antes. Para averiguar todos los detalles llevará una doble vida: de día se disfraza de hombre y se hace llamar Dr. Florencio Aguirre;Inés Clark García y  José Miguel Inostroza;Femenino y masculino ;Inés quiere descurbir la verdad sobre qué las razones de los abusos  vividos por su madre, además de enfrentar a su padre.  ;Inés/soltera  y José Miguel/soltero;Masculino;William Clark Stevensons;Willeam se enfrenta a sus hijos varones, uno es la verguenza de la familia y otro lo desafía. Su objetivo es permanecer  sus uúltimos días en paz, pero le es imposible. Inés se enfrenta al  machismo. ;;;;;;;;;;;;;;;;;;;;;;;;;;;;;;;;;;;;;;;;;;;;;;;;;;;;;;;;;;;;;;;;;;;;;;;;;;;;;;;;;;;;;;;;;;;;;;;;;;;;;;;;;;;;;;;;;;;;;;;;;;;;;;;;;;
2000-2009;2002;TVN ;El circo de las montini ;36,4 pts de audiencia. Peak de 58 en rating.;"
Comedia";"La matriarca, Olga Primera, anuncia su retiro, y sus cuatro hijas compiten por el control del circo. El regreso de la hija mayor, Olga Segunda ""la Poto Loco"", desata conflictos familiares y amorosos, especialmente con el trapecista David Valenti y su hermana Olga Tercera, ya que Olga Segunda y Valenti son los padres biológicos de Olga Tercera. Además, la historia aborda temas como el Alzheimer y el VIH. ";Olga Calderón y  Olga Soto;Femenino ;Olga Primera es la matriarca de la familia y busca el control y bienestar de su familia. Olga segunda busca recuperar el vinculo con la hija que abandonó y también su dignidad personal;Olga primera/Viuda y Olga segunda/soltera;Masculino;Olga tercera;Olga primera enfrenta rivalidades en la familia que no le permiten llevar el circo. Olga segunda esconde muchos secretos del pasado que no le permiten llevar una vida normal ni mantener una relación de madre con su hija;;;;;;;;;;;;;;;;;;;;;;;;;;;;;;;;;;;;;;;;;;;;;;;;;;;;;;;;;;;;;;;;;;;;;;;;;;;;;;;;;;;;;;;;;;;;;;;;;;;;;;;;;;;;;;;;;;;;;;;;;;;;;;;;;;
2000-2009;2003;T13;Machos ;38,7 pts de audiencia;"
Melodrama";Sigue a los siete hijos del patriarca machista, Ángel Mercader, quienes enfrentan crisis personales, profesionales y amorosas, incluyendo un hijo que descubre su homosexualidad, un joven que lucha con su virginidad y un galán mujeriego que debe lidiar con un amor prohibido. La vida de la familia cambia radicalmente con el regreso de Ariel, uno de los hijos, quien desentraña los secretos familiares y revoluciona la dinámica de la casa, marcada por las enseñanzas de su padre. ;Valentina Fernández de Mercader;Femenino ;Valentina es la madre de siete hijos, por lo que busca mantener el bienestar de su familia y matrimonio ;Casada ;Femenino; Ángel Mercader ;Se enfrenta a los conflictos personales que tienen cada uno de sus hijos. Además debe lidiar con su marido, un hombre  autoritario, tradicional  y machista;;;;;;;;;;;;;;;;;;;;;;;;;;;;;;;;;;;;;;;;;;;;;;;;;;;;;;;;;;;;;;;;;;;;;;;;;;;;;;;;;;;;;;;;;;;;;;;;;;;;;;;;;;;;;;;;;;;;;;;;;;;;;;;;;;
2000-2009;2004;TVN;Los pincheira ;37,5 pts de audiencia;"
Drama";Se centra en los amores, pasiones, odios y ambiciones de los hermanos y las familias de la época del salitre en el norte de Chile, con Matilde Pincheira involucrada en un tormentoso amor secreto con Miguel, el seductor jefe de la banda. Además de esta relación central, la serie explora otros conflictos familiares y románticos, como la pasión obsesiva de Martín Ortúzar por la inmigrante árabe Marwua y las intrigas dentro de la familia Sotomayor. ;Matilde Del Solar y Miguel Molina Linares;Femenino  y masculino;Matilde, casada con Martín Ortuzar por un acuerdo economico, persigue su libertad personal y un amor autentico ;Matilde/casada  y Miguel/soltero;Femenino y masculino;Martín Ortúzar;Matilde enfrenta conflictos sociales y de clase que dificultan que su relación con Miguel .  ;;;;;;;;;;;;;;;;;;;;;;;;;;;;;;;;;;;;;;;;;;;;;;;;;;;;;;;;;;;;;;;;;;;;;;;;;;;;;;;;;;;;;;;;;;;;;;;;;;;;;;;;;;;;;;;;;;;;;;;;;;;;;;;;;;
2000-2009;2005;T13;Brujas ;37,5 pts de audiencia;"
Comedia dramática";Beatriz, una mujer obsesiva y celosa, cuya vida cambia tras la muerte de su esposo, el millonario Vicente Soler. Sospechando que una de las empleadas de su agencia de servicio doméstico estuvo con su marido antes de morir, contrata a un seductor para descubrir la verdad, desencadenando una serie de conflictos y peleas entre mujeres.  ; Beatriz González;Femenino ;Beatriz, luego de envidiuar, hereda el liderazgo de la empresa de su marido, decidida a encontrar y cobrar venganza contra la amante que él tenía. Además  enfrenta los celos y conflictos de su relación con Dante, hijo perdido de su difunto esposo. ;Viuda;Femenino;Cassandra García;Beatriz tiene dilemas emocionales y románticos de su relación con Dante Ruiz, que complican su plan de consolidación y venganza. Cassandra es una mujer ambiciosa dispuesta a todo por surgir.;;;;;;;;;;;;;;;;;;;;;;;;;;;;;;;;;;;;;;;;;;;;;;;;;;;;;;;;;;;;;;;;;;;;;;;;;;;;;;;;;;;;;;;;;;;;;;;;;;;;;;;;;;;;;;;;;;;;;;;;;;;;;;;;;;
2000-2009;2008;TVN;El señor de la querencia;27,5 pts de audiencia;Drama ;José Luis Echeñique es un patrón de fundo autoritario de los años 1920, que se enfrenta a la llegada de Manuel Pradenas, un obrero revolucionario y su hijo secreto, quien desata un conflicto social y familiar. Manuel se enamora de Leonor, la sumisa esposa de José Luis.  Al mismo tiempo se revela la verdad sobre el parentesco entre Manuel y José Luis, pues ambos son hermanos ; Leonor Amenábar Montt, Manuel Pradenas Leiva,  José Luis Echeñique Valdivieso;Femenino y masculino ;Leonor persigue libertad y autonomía frente a su marido machista y maltratador. Quiere poder vivir libremente su amor por Manuel Pradenas ;José Luis/casado,  Manuel pradenas/soltero  y   Leonor/casada;Femenino/masculino;José Luis Echeñique Valdivieso;José Luis se enfrenta al rechazo de Leonor y a las provocaciones de Manuel Padrenas, quien busca reclamar su parte de la  herencia que le corresponde como hermano de José Luis. ;;;;;;;;;;;;;;;;;;;;;;;;;;;;;;;;;;;;;;;;;;;;;;;;;;;;;;;;;;;;;;;;;;;;;;;;;;;;;;;;;;;;;;;;;;;;;;;;;;;;;;;;;;;;;;;;;;;;;;;;;;;;;;;;;;
2010-2019;2012;T13;Soltera otra vez;26,3 pts de audiencia. Tuvo parte 2 y 3;Comedia romántica;"Cristina, una corredora de propiedades que, tras descubrir la infidelidad de su novio de años, Rodrigo, queda soltera y se embarca en una desesperada búsqueda de pareja. Con la ayuda de su grupo de amigas y cuñada, Cristina se enfrenta a diversas citas y relaciones fallidas mientras busca al ""hombre ideal"".";Cristina Moreno;Femenino;Cristina anhela encontrar una nueva pareja para superar a su ex ;Soltera;Femenino;"Nicole Cerutti ""La Flexible""";Era la amante de la pareja de la protagonista;;;;;;;;;;;;;;;;;;;;;;;;;;;;;;;;;;;;;;;;;;;;;;;;;;;;;;;;;;;;;;;;;;;;;;;;;;;;;;;;;;;;;;;;;;;;;;;;;;;;;;;;;;;;;;;;;;;;;;;;;;;;;;;;;;
2010-2019;2012;TVN ;Separados;26,9 pts de audiencia;Comedia romántica;"Cinco hombres separados que deciden vivir juntos en una casa para alejarse de sus ex esposas y experimentar una vida de solteros, convirtiéndola en una especie de ""club de Toby"". Sin embargo, su convivencia se complica con la aparición de sus ex parejas, hijos, y sus propias personalidades.";Pedro Armstrong;Masculino;Quieren pdoer vivir una vida tranquila y sencilla, sin su insoportable mujer ni suegro;Casado;Masculino; Carolina Cavada;Desde que la dejó su marido, Carolina comienza a hacer locuras para que él se arrepienta de haberla dejado;;;;;;;;;;;;;;;;;;;;;;;;;;;;;;;;;;;;;;;;;;;;;;;;;;;;;;;;;;;;;;;;;;;;;;;;;;;;;;;;;;;;;;;;;;;;;;;;;;;;;;;;;;;;;;;;;;;;;;;;;;;;;;;;;;
2010-2019;2013;T13;Las vega´s;19,8 pts de audiencia;Comedia dramática;"
La familia Vega Bolaños, que vive feliz hasta que repentinamente muere el patriarca de la familia, dejando en el desamparo total a su esposa y a sus tres hijas: Mariana, Antonia y Camila.";Verónica Díaz;Femenino;Debe volver a establecer la estabilidad económica en su familia con tres hijas, después de la muerte de su marido;Viuda;Masculino;Álvaro Sandoval;Era pretendiente eterno de Verónica y eterno enemigo de los que ayudaron a la familia;;;;;;;;;;;;;;;;;;;;;;;;;;;;;;;;;;;;;;;;;;;;;;;;;;;;;;;;;;;;;;;;;;;;;;;;;;;;;;;;;;;;;;;;;;;;;;;;;;;;;;;;;;;;;;;;;;;;;;;;;;;;;;;;;;
2010-2019;2014;MEGA ;Papá a la deriva;Peak de 35 pts de audiencia;Comedia romántica;La historia sigue la vida del Capitán Bruno Montt, marino, que vive en Valparaíso con cuatro hijos. Todo comienza con la llegada del hijo primogénito de la familia, Cristóbal, también marino. Sus otros 3 hijos, son maldadosos. Conoce a Violeta, quien trabaja en el muelle. Ella tiene un novio celoso, que sus hermanos tendrán directa relación con los hijos del capitán. ;Violeta Padilla y Bruno Montt;Femenino y masculino;Bruno quiere estar con Violeta, pero tiene una familia que mantener estable;Solteros;Femenino/masculino; Rosario Quevedo;Es la secretaria de Bruno que busca mantener alejada a Violeta para quedarse con él;;;;;;;;;;;;;;;;;;;;;;;;;;;;;;;;;;;;;;;;;;;;;;;;;;;;;;;;;;;;;;;;;;;;;;;;;;;;;;;;;;;;;;;;;;;;;;;;;;;;;;;;;;;;;;;;;;;;;;;;;;;;;;;;;;
2010-2019;2018;MEGA ;Perdona nuestros pecados ;Más de 28 pts de audiencia;Melodrama;Se centra en Armando Quiroga, un hombre rico y poderoso de Villa Ruiseñor, y el romance prohibido entre María Elsa, su hija, y Reynaldo Suárez, el nuevo párroco. La historia explora los secretos y las intrigas de este pueblo, la lucha por el poder, y los deseos de venganza que esconden al Padre Reynaldo.;María Elsa y Reynaldo Suárez;Femenino y masculino;Reynaldo busca vengarse del papá de María Elsa y nadie sabe;Solteros;Femenino;Armando Quiroga;Armando trata de mantener a toda su familia en orden, sin descubrir los verdaderos sentimientos de su hija, y él, siendo el culpable del daño a Reynaldo;;;;;;;;;;;;;;;;;;;;;;;;;;;;;;;;;;;;;;;;;;;;;;;;;;;;;;;;;;;;;;;;;;;;;;;;;;;;;;;;;;;;;;;;;;;;;;;;;;;;;;;;;;;;;;;;;;;;;;;;;;;;;;;;;;
2020-act;2022;MEGA ;Verdades ocultas ;17,4 pts de audiencia;Melodrama;Gira en torno a dos hermanas, Laura y Rocío, separadas por la pobreza y reunidas años después sin saber que comparten una verdad oculta, que eventualmente causa la destrucción de sus vidas. Laura, para alimentar a su otra hija, vende a Rosita, su hija menor, a un rico empresario. Veinte años después, el destino las vuelve a unir cuando Rocío se enamora del mismo hombre que Agustina, quien en realidad es Rosita, lo que desata un torbellino de revelaciones.;Agustina y Rocío Verdugo;Femenino;Buscan respuestas y hay una verdad oculta que desata todo;Solteras;Femenino;Eliana Zapata y Leonardo San Martín;Saboteó a Rocío para quedarse con la fortuna de su marido y fue cómplice del secuestro de su hijo;;;;;;;;;;;;;;;;;;;;;;;;;;;;;;;;;;;;;;;;;;;;;;;;;;;;;;;;;;;;;;;;;;;;;;;;;;;;;;;;;;;;;;;;;;;;;;;;;;;;;;;;;;;;;;;;;;;;;;;;;;;;;;;;;;
2020-act;2023;MEGA ;La ley de Baltazar ;17,4 pts de audiencia;Comedia dramática;"Baltazar Rodríguez, un viudo y padre de tres hijos que sufre un infarto, lo que lleva a sus hijos a querer ""jubilarlo"" y cuidarlo en la capital. Sin embargo, Baltazar se niega a que controlen su vida y desea quedarse en su fundo en el sur de Chile, buscando reconquistar a Margarita, el gran amor de su juventud, quien es una monja. Los hijos tienen diferentes motivaciones, desde el cuidado paterno hasta el deseo de vender el fundo por su valor inmobiliario.";Baltazar Rodríguez y Margarita Fuentes;Femenino y masculino;Baltazar quiere enamorar a la monja, quien es hermana de su esposa fallecida;Solteros;Masculino;"Cristina ""Cristinita"" Moya";Cristina, la nuera de Baltazar, hace todo lo posible para poder vender el fundo y quedarse con el dinero;;;;;;;;;;;;;;;;;;;;;;;;;;;;;;;;;;;;;;;;;;;;;;;;;;;;;;;;;;;;;;;;;;;;;;;;;;;;;;;;;;;;;;;;;;;;;;;;;;;;;;;;;;;;;;;;;;;;;;;;;;;;;;;;;;
2020-act;2023;MEGA ;Generación 98 ;14,6 pts de audiencia;Comedia dramática;La trama narra el reencuentro del encantador Hernán “Chico” Olmedo  con sus queridos ex compañeros de colegio y cómo los va convenciendo para participar en un negocio inmobiliario que los hará ricos. Se trata de Punta Virgen, un eco-resort de lujo que necesita inversionistas con urgencia.;Hernán Olmedo;Masculino;Engaña y estafa a todos sus excompañeros por venganza;Soltero;Femenino;Hernán Olmedo;No identificado;;;;;;;;;;;;;;;;;;;;;;;;;;;;;;;;;;;;;;;;;;;;;;;;;;;;;;;;;;;;;;;;;;;;;;;;;;;;;;;;;;;;;;;;;;;;;;;;;;;;;;;;;;;;;;;;;;;;;;;;;;;;;;;;;;
2020-act;2024;MEGA ;Como la vida misma ;14,3 pts de audiencia;Comedia;Soledad García  y  Alonso Valdés, son una pareja que inicia una vida en común, luego de haberse conocido por la aplicación de citas Tinder. Tendrán la misión de convivir con sus respectivos hijos en un mismo hogar y adaptarse a los nuevos cambios.;Soledad García y Alonso Valdés;Femenino y masculino;Los protagonistas buscan una estabilidad familiar y amor;Pareja;Masculino;Octavia Werner;No tiene tiempo para estar con su hijo. Es exesposa de Alonso;;;;;;;;;;;;;;;;;;;;;;;;;;;;;;;;;;;;;;;;;;;;;;;;;;;;;;;;;;;;;;;;;;;;;;;;;;;;;;;;;;;;;;;;;;;;;;;;;;;;;;;;;;;;;;;;;;;;;;;;;;;;;;;;;;
2020-act;2025;MEGA ;Los casablanca ;Más de 17 pts de audiencia;Melodrama;La venganza de Iván Casablanca, quien regresa después de veinte años para arrebatarle la fortuna a su hermano Raimundo y destruir el imperio familiar. Su plan implica que su pareja, Miranda, se infiltre en la familia de Raimundo, pero su relación se complica cuando Miranda y Raimundo se enamoran. La historia se desarrolla entre luchas de poder, traiciones y secretos familiares. ;Iván Casablanca y Raimundo Casablanca;Masculino;Iván quiere robarle el dinero a su hermano Raimundo a toda costa;Iván/soltero y Raimundo/soltero;Femenino;Iván Casablanca ;Aunque su plan es la venganza, la pareja de Iván se involucra sentimentalmente con Raimundo y se enamora de él;;;;;;;;;;;;;;;;;;;;;;;;;;;;;;;;;;;;;;;;;;;;;;;;;;;;;;;;;;;;;;;;;;;;;;;;;;;;;;;;;;;;;;;;;;;;;;;;;;;;;;;;;;;;;;;;;;;;;;;;;;;;;;;;;;
